"Fecha","WTI","JPM_Dollar_Index","VIX_Index","OPEP_TOTPROD","OPEP_TOTDEM","TBILL_10YR","TBILL_1YR"
"ene-00",3.41542896390888,4.67349216581088,3.15145314855077,3.28391422104742,4.34380542185368,1.8961194845523,1.81156209652423
"feb-00",3.29212628660779,4.66969308200359,3.18262669219308,3.27676730328398,4.33204826486764,1.87487437593856,1.82776990675109
"mar-00",3.24804620216798,4.6519297183911,3.26575941076705,3.32143241319329,4.30135873160643,1.83418018511201,1.82776990675109
"abr-00",3.36764059813331,4.64389077409969,3.16336311493794,3.31672822503571,4.30811095172371,1.79009141212736,1.81645208181843
"may-00",3.48124008933569,4.6395812744945,2.97246364661464,3.33505757915761,4.32809829264833,1.86252854011626,1.84530023615608
"jun-00",3.31163730494951,4.63800516908166,3.03206420280138,3.34427423426253,4.30945594183905,1.80828877117927,1.8196988379173
"jul-00",3.50013732951706,4.62920892631399,2.82375700881418,3.36176331241675,4.3554259528767,1.80005827204275,1.80500469597808
"ago-00",3.42881254869513,4.6161793620074,3.02383370366487,3.36936265814214,4.34639945703073,1.7630170003624,1.8213182714696
"sep-00",3.48737507790321,4.59776281905967,3.16251709119882,3.38472918895485,4.33467293829041,1.75785791755237,1.81319474994812
"oct-00",3.52105234347043,4.59551371195478,3.38946212544373,3.38405122282718,4.34639945703073,1.74745921033147,1.79342474854712
"nov-00",3.28840188751681,4.60461002912953,3.29026582095487,3.33184730352736,4.36437169943516,1.74396880539171,1.80664808172181
"dic-00",3.35550242240003,4.60110192181214,3.09195113129453,3.34533224882076,4.34510328056928,1.65632149833295,1.7227665977411
"ene-01",3.31017798327499,4.56394185892595,3.34462703017376,3.3261145755378,4.3554259528767,1.64093657949347,1.57069708411767
"feb-01",3.26918863874179,4.53720178954733,3.35480434209244,3.3418011717055,4.33990170837321,1.62924053973028,1.54329810992956
"mar-01",3.34849959266171,4.52961655398693,3.23789383070396,3.3235961356386,4.3267781604434,1.58719230348678,1.45861502269952
"abr-01",3.34533224882076,4.51781329476984,3.11971825333498,3.31382230217715,4.32015123095579,1.63705307946707,1.38128181929635
"may-01",3.26766598903763,4.51466544156225,2.94759189822606,3.25118811433545,4.33467293829041,1.68454538492091,1.3297240096315
"jun-01",3.27146827498737,4.495868581097,3.07361881221106,3.30100865440672,4.33598269617247,1.66392609771817,1.27536280041261
"jul-01",3.30321697330195,4.49230379380715,3.21567069391925,3.32107133718287,4.35156742718917,1.65632149833295,1.28647402583768
"ago-01",3.1540172525197,4.45853618501449,3.46354600672669,3.3017453026905,4.33073334028633,1.60341984010854,1.24415459395877
"sep-01",3.05305734017326,4.44525961646571,3.51333488159901,3.29026582095487,4.3267781604434,1.55392520250384,1.03673688495002
"oct-01",2.96733279903229,4.45860565840621,3.17136484219715,3.27601201623901,4.36054760299676,1.51951320490611,0.845868267577609
"nov-01",2.98770010185673,4.45971657676382,3.16968558067743,3.25076201373052,4.34510328056928,1.53686721959926,0.779324876800998
"dic-01",2.96938829821439,4.45994786283102,3.04879899449068,3.21927574488953,4.33598269617247,1.62727783056243,0.797507195884188
"ene-02",3.07915388169306,4.45803815107998,3.07223024452672,3.21687382219753,4.34380542185368,1.61740608208328,0.770108221696074
"feb-02",3.2699490950522,4.4672864786247,2.85647020622048,3.23080439573347,4.33598269617247,1.59127394180643,0.802001585472027
"mar-02",3.30652033472025,4.47195874217449,3.08694315360738,3.18221184049661,4.32015123095579,1.66392609771817,0.943905898907128
"abr-02",3.23119957455703,4.46547124162852,2.99473177322041,3.2144661163795,4.31214050720972,1.65057985576528,0.908258560176891
"may-02",3.29063819109509,4.43679887052086,3.23474917402449,3.21084365317094,4.32280727501391,1.64093657949347,0.854415328156068
"jun-02",3.29657733253205,4.40983633531315,3.46667296362107,3.22763733053677,4.33204826486764,1.5953389880546,0.78845736036427
"jul-02",3.36660593689254,4.41762299934232,3.48553853009591,3.22525543183224,4.33990170837321,1.53686721959926,0.672944473242426
"ago-02",3.41608599415591,4.38297618370947,3.68109926679497,3.2561716096119,4.34898678059568,1.44926916028128,0.56531380905006
"sep-02",3.30395199722332,4.39938755794532,3.43849316640585,3.29435428604411,4.36182392735636,1.35325450704169,0.542324290825362
"oct-02",3.29175447028077,4.41878036501818,3.31418600467253,3.28428896341643,4.38825718442452,1.37118072330984,0.500775287912489
"nov-02",3.44041809481544,4.42593585879299,3.3541057741283,3.21326008608257,4.38825718442452,1.39871688111845,0.398776119957368
"dic-02",3.51184390174922,4.41671787446381,3.43945609377925,3.24493335918749,4.36691299686383,1.39376637595859,0.371563556432483
"ene-03",3.60004824040732,4.42131946061159,3.38878736158547,3.30725293548561,4.39321382406445,1.39871688111845,0.307484699747961
"feb-03",3.43527669531502,4.42844494059106,3.3724549127965,3.31491301306514,4.35156742718917,1.3609765531356,0.262364264467491
"mar-03",3.25037449192757,4.47275816663149,3.05447276857659,3.2846635654062,4.33859707674655,1.33762918913861,0.215111379616945
"abr-03",3.38642209608,4.47391049680458,2.96887481938411,3.28970700562879,4.33467293829041,1.37624402526639,0.2390169004705
"may-03",3.40751074371875,4.47832496246277,2.97143958098495,3.27108869631514,4.35414143118435,1.27256559579155,0.165514438477573
"jun-03",3.41903729979049,4.47393330182168,2.96990151351947,3.28278915061185,4.36309862478836,1.20297230399235,0.00995033085316809
"jul-03",3.4522073025699,4.4720387133849,2.9247731846135,3.29805662274264,4.36437169943516,1.38128181929635,0.113328685307003
"ago-03",3.37416870927424,4.49145262507877,3.12324559385295,3.30871652886799,4.39444915467244,1.49290409617815,0.27002713721306
"sep-03",3.37108175775753,4.49629238080222,2.77881927199042,3.32647383546622,4.40549899085902,1.45161382724053,0.215111379616945
"oct-03",3.41477150168927,4.4985422007633,2.79239134953596,3.33861250647053,4.38202663467388,1.45628673293993,0.22314355131421
"nov-03",3.48185528467961,4.51693988459368,2.90744735868642,3.33932197794407,4.43081679884331,1.45861502269952,0.29266961396282
"dic-03",3.4980215662977,4.5173220954149,2.81120829320484,3.33505757915761,4.41279829334063,1.45161382724053,0.27002713721306
"ene-04",3.58795353552398,4.5254882465632,2.6775909936175,3.3332753651767,4.42723897749543,1.42310833424261,0.215111379616945
"feb-04",3.57682995030531,4.53265325514891,2.81780106506133,3.34814816057234,4.41763506214125,1.40609698841607,0.215111379616945
"mar-04",3.62113580202742,4.50676321607521,2.84432781939476,3.33932197794407,4.40549899085902,1.34286480319255,0.173953307123438
"abr-04",3.68587494509364,4.49892038614538,2.7408400239252,3.35200713747138,4.37952350445576,1.47017584510059,0.357674444271816
"may-04",3.6122683517421,4.4969723155101,2.66305283517147,3.37724616083964,4.41279829334063,1.55180879959746,0.576613364303994
"jun-04",3.7796338173824,4.50065375843209,2.72915916431245,3.38642209608,4.41158543691543,1.55392520250384,0.751416088683921
"jul-04",3.74052268726577,4.50020959035159,2.72719901994097,3.39852715310628,4.40671924726425,1.50407739677627,0.741937344729377
"ago-04",3.90479696033641,4.51376736251475,2.59076704048748,3.41641434746702,4.40671924726425,1.45395300959371,0.703097511413113
"sep-04",3.94661765019264,4.52228845209069,2.78932292123095,3.41903729979049,4.40915530206213,1.41827740697294,0.751416088683921
"oct-04",3.89446984618056,4.5530660366307,2.58324255050886,3.40119738166216,4.42843300748804,1.41098697371026,0.802001585472027
"nov-04",3.7716108517114,4.57532934397707,2.58701187272515,3.39484390768998,4.44382703557933,1.43270073393405,0.916290731874155
"dic-04",3.87535902105655,4.56293052038022,2.55100645149252,3.37973537836282,4.41400968052693,1.44220199305819,0.982078472412158
"ene-05",3.94642443214548,4.57875433948266,2.49155119250667,3.39054080147363,4.44382703557933,1.43983512804792,1.05082162483176
"feb-05",4.01457959375324,4.55531795802852,2.64048488160644,3.39417276672519,4.4414740933173,1.42791603581071,1.10856261952128
"mar-05",3.90640726664251,4.56179284601852,2.72850620966959,3.39886132186461,4.41521960202965,1.50407739677627,1.19392246847243
"abr-05",3.95066662902035,4.5550656584214,2.58701187272515,3.39952932456146,4.39937527300849,1.46787434811231,1.1999647829284
"may-05",4.0342406381524,4.56074796843534,2.48823443988067,3.40139736166482,4.43911560165801,1.42069578783722,1.20297230399235
"jun-05",4.10379972099286,4.56928390742368,2.44841554120559,3.41114771251532,4.41521960202965,1.38629436111989,1.21194097397511
"jul-05",4.23323656108872,4.5715823781931,2.53369681395743,3.41477150168927,4.43911560165801,1.43031124653666,1.29198368164865
"ago-05",4.193284510077,4.57973955112627,2.4782176616372,3.41641434746702,4.4188406077966,1.44926916028128,1.35325450704169
"sep-05",4.09033654082456,4.56708402898251,2.72915916431245,3.40850395684459,4.40060302024682,1.43508452528932,1.34807314829969
"oct-05",4.04864960295997,4.57427789504556,2.48989419129904,3.39802569049652,4.43793426661218,1.49514876603197,1.43031124653666
"nov-05",4.1115293869762,4.57529843478313,2.49072303510944,3.39802569049652,4.46014441393783,1.51292701205326,1.4655675420144
"dic-05",4.21833054200309,4.59467530689544,2.56109578814555,3.38405122282718,4.42604352009066,1.49738840862548,1.47017584510059
"ene-06",4.11757268834131,4.59463488407271,2.51284601847724,3.39668722618427,4.45201900649392,1.48613969608961,1.49290409617815
"feb-06",4.19915492657445,4.58635427173045,2.43273577745909,3.39417276672519,4.44617445449763,1.51951320490611,1.54329810992956
"mar-06",4.27499806191536,4.59993651418948,2.45014265735166,3.38929347715933,4.41037110768302,1.55180879959746,1.56234630490025
"abr-06",4.26675606512954,4.56460857423197,2.79971738962803,3.38963074529069,4.4200447018614,1.60743590976343,1.58923520511658
"may-06",4.30311869956901,4.55369792821913,2.57108434602905,3.39618483983861,4.44617445449763,1.63119940421561,1.6094379124341
"jun-06",4.30945594183905,4.56919061465536,2.7047112998367,3.39819287264186,4.42843300748804,1.63119940421561,1.64093657949347
"jul-06",4.25220264683768,4.57080645856013,2.51041194019636,3.39517930933659,4.44617445449763,1.62727783056243,1.65249740189455
"ago-06",4.14170513358194,4.55875968816543,2.4832385926873,3.38794326598374,4.43319492124828,1.58514521986506,1.62531126159039
"sep-06",4.07295066953443,4.58163540285443,2.40694510831829,3.37997374521053,4.42843300748804,1.55180879959746,1.60341984010854
"oct-06",4.14519609237953,4.58788159585055,2.38967979984498,3.36245655334572,4.4496852831477,1.55392520250384,1.61143591509677
"nov-06",4.11169320055671,4.59831675478708,2.44755086324423,3.35672289156033,4.45550941143368,1.52605630349505,1.61143591509677
"dic-06",4.06285389513073,4.58806471808515,2.34372703632522,3.40019688132857,4.42604352009066,1.51732262352629,1.59736533119983
"ene-07",4.12374153907289,4.59273316588441,2.73566536813518,3.40352799700044,4.4496852831477,1.56024766824333,1.62136648329937
"feb-07",4.1876831026526,4.60514018553808,2.68375750853317,3.39952932456146,4.45201900649392,1.55180879959746,1.61938824328727
"mar-07",4.18525112090978,4.62619755318017,2.65464942437509,3.41197245483011,4.43911560165801,1.51732262352629,1.59330853050422
"abr-07",4.15903932115391,4.62822242951824,2.5687881337687,3.40169725670381,4.44500143383527,1.54543258245819,1.5953389880546
"may-07",4.2581626474515,4.63492314413744,2.7868613815265,3.40236336830212,4.45085282560373,1.55814461804655,1.59127394180643
"jun-07",4.35939751661352,4.6428994027981,3.15785112303043,3.41444260841218,4.44851637594271,1.62924053973028,1.60140574073684
"jul-07",4.3046054877053,4.63107182351074,3.15188095604392,3.41263175928782,4.45667017766965,1.6094379124341,1.60140574073684
"ago-07",4.40256428589143,4.66361832333257,2.89037175789616,3.42312193907795,4.44382703557933,1.54115907168081,1.49738840862548
"sep-07",4.54891724443729,4.68975946539951,2.91939104029727,3.44233932499333,4.45667017766965,1.50851199384414,1.42069578783722
"oct-07",4.4853726225325,4.68209418940129,3.12982600803469,3.45631668088323,4.46820433091493,1.51072193949494,1.41098697371026
"nov-07",4.5641398364301,4.68524673924271,3.11351530921037,3.46573590279973,4.4636066216663,1.42310833424261,1.25276296849537
"dic-07",4.51906748693468,4.68997997459288,3.26575941076705,3.47196645255036,4.45434729625351,1.41098697371026,1.18172719537862
"ene-08",4.62340295424915,4.69690124108754,3.27865302890406,3.47923808666502,4.47733681447821,1.31908561142644,0.99694863489161
"feb-08",4.6208466653731,4.69440741725842,3.24298290021143,3.47892973020251,4.45550941143368,1.31908561142644,0.717839793150317
"mar-08",4.73145035189842,4.70314952768106,3.03447210186992,3.46511070740581,4.4636066216663,1.25561603747777,0.431782416425538
"abr-08",4.84693920142547,4.70665218993393,2.88088243187505,3.47196645255036,4.45085282560373,1.30291275218084,0.553885113226438
"may-08",4.9416424226093,4.70224244877557,3.17596832385692,3.48400549284947,4.44734610079452,1.35583515363518,0.72270598280149
"jun-08",4.82092651886828,4.72231301675705,3.13288211170122,3.48966602964976,4.46014441393783,1.41098697371026,0.883767540168595
"jul-08",4.74892414963279,4.68964000261432,3.02771531940704,3.48477230524806,4.43675153436313,1.38879124131848,0.824175442966349
"ago-08",4.61154979295213,4.62944319836348,3.67351197698281,3.47351804324178,4.43319492124828,1.35840915763035,0.779324876800998
"sep-08",4.21670967669575,4.47710951592057,4.09250954627637,3.4680769105017,4.45201900649392,1.30562645805244,0.647103242058538
"oct-08",3.99691547244611,4.49666027173229,4.01241117945941,3.43752931090955,4.42962561347316,1.33762918913861,0.350656871613169
"nov-08",3.79773385902602,4.51381118996608,3.68887945411394,3.38828098972893,4.44851637594271,1.26129787094521,0.0676586484738149
"dic-08",3.73002139744511,4.46143837409804,3.80310059820396,3.35148178941622,4.43675153436313,0.883767540168595,-0.713349887877465
"ene-09",3.80131488344372,4.44599858909284,3.83622129201186,3.32287541488669,4.43556740160191,0.924258901523332,-0.82098055206983
"feb-09",3.90519978008002,4.47453744535264,3.78736640082859,3.32016807635007,4.43793426661218,1.05431202977153,-0.478035800943
"mar-09",3.93417581006928,4.50639902388807,3.59731226058845,3.32305564377786,4.43556740160191,1.03673688495002,-0.446287102628419
"abr-09",4.19434071538078,4.55819387579048,3.36453339729056,3.33843505992584,4.4200447018614,1.07500242302898,-0.59783700075562
"may-09",4.24692257748904,4.57016457678928,3.27146827498737,3.34445064777627,4.43911560165801,1.19088756477728,-0.693147180559945
"jun-09",4.24060706920035,4.5758546541539,3.25501487148407,3.34937763293236,4.43793426661218,1.31372366828506,-0.673344553263766
"jul-09",4.2479236501504,4.56662684336758,3.25848107946056,3.34797239820261,4.43319492124828,1.26976054486394,-0.7339691750802
"ago-09",4.25717177752826,4.58665992322899,3.24298290021143,3.35620001573142,4.44500143383527,1.27815220250019,-0.776528789498996
"sep-09",4.34380542185368,4.59980582348894,3.42393686863164,3.36002810462408,4.4496852831477,1.22377543162212,-0.916290731874155
"oct-09",4.34743518990426,4.61809628287422,3.19908119754002,3.36384159511839,4.44265125649032,1.22082992139236,-0.994252273343867
"nov-09",4.37399446297662,4.60360896792114,3.07639017657145,3.36729582998647,4.46475803227135,1.22377543162212,-1.17118298150295
"dic-09",4.28895145539412,4.59043211216283,3.20355912075631,3.3688463514445,4.44734610079452,1.27815220250019,-0.994252273343867
"ene-10",4.3777675777535,4.58923387484974,2.9704144655697,3.37536662162763,4.48413185761104,1.31640823365572,-1.04982212449868
"feb-10",4.42795556656228,4.60697854991199,2.86733055874947,3.3729693602056,4.47278099794235,1.30562645805244,-1.04982212449868
"mar-10",4.45608996297394,4.61842199166384,3.09331260189286,3.37365487865575,4.46820433091493,1.31640823365572,-0.916290731874155
"abr-10",4.30365960559978,4.57491714281707,3.46792101370506,3.38055239968487,4.45434729625351,1.34807314829969,-0.798507696217772
"may-10",4.32585302986794,4.56769674546454,3.54211807271853,3.37279790714046,4.50202942706858,1.22964055107451,-0.994252273343867
"jun-10",4.36881474070165,4.59658342505077,3.15700042115011,3.37502450735813,4.48863636973214,1.16315080980568,-1.13943428318836
"jul-10",4.27555439016337,4.58858338238369,3.26001776819938,3.37416870927424,4.49869794147757,1.10194007876078,-1.23787435600162
"ago-10",4.3816515643438,4.63189974697999,3.16547504814109,3.36539747753097,4.50645421304893,0.993251773010283,-1.34707364796661
"sep-10",4.39974375547904,4.63487460869442,3.05400118167797,3.37176857097134,4.49088103958596,0.974559639998131,-1.34707364796661
"oct-10",4.43212546597435,4.61405063779403,3.15870110183213,3.36901848329792,4.50092016461429,0.932164081030445,-1.46967597005894
"nov-10",4.51502663613513,4.63803419960726,2.87638551592142,3.37365487865575,4.51961229762644,1.01523067972906,-1.38629436111989
"dic-10",4.5238516648105,4.63083793273667,2.97195174488859,3.38082459185422,4.47733681447821,1.19088756477728,-1.23787435600162
"ene-11",4.57440165231646,4.6446600936745,2.90962957450058,3.38048434006461,4.50534985070588,1.22082992139236,-1.30933331998376
"feb-11",4.67020858216731,4.65997082245421,2.87582197688143,3.35067571931458,4.48413185761104,1.27536280041261,-1.23787435600162
"mar-11",4.73558422471002,4.68798443400837,2.69124308278583,3.3579418729912,4.46820433091493,1.22671229129543,-1.34707364796661
"abr-11",4.63181211693451,4.67136982670229,2.73760900334375,3.36366856976974,4.46705688385846,1.24126858906963,-1.38629436111989
"may-11",4.55828820008796,4.67194058962194,2.80457176809283,3.37826987701845,4.49980967033027,1.15373158788919,-1.66073120682165
"jun-11",4.56121829845891,4.67500403708587,3.22882615572137,3.39919537899148,4.49423862528081,1.09861228866811,-1.71479842809193
"jul-11",4.48649925627041,4.65219689141585,3.45378983178133,3.4004637793084,4.51305489708029,1.09861228866811,-1.66073120682165
"ago-11",4.37197629882038,4.56789398105271,3.76026945020061,3.40169725670381,4.50424426739813,0.832909122935104,-2.20727491318972
"sep-11",4.53464041979756,4.60281742040449,3.39986315864902,3.40003003391015,4.49647076906475,0.683096844706444,-2.30258509299405
"oct-11",4.60876372149822,4.55480277862431,3.32503602069659,3.41739876100016,4.50976000118343,0.765467842139571,-2.20727491318972
"nov-11",4.59340120238809,4.53630230668929,3.15273602236366,3.4246534576985,4.51743127168008,0.698134722070984,-2.20727491318972
"dic-11",4.5898534818762,4.59160864254855,2.96733279903229,3.42718996193641,4.48751214251986,0.683096844706444,-2.12026353620009
"ene-12",4.67348282617018,4.6125429403175,2.91397977168173,3.43752931090955,4.51961229762644,0.678033542749897,-2.12026353620009
"feb-12",4.63492314413744,4.58943706699909,2.7408400239252,3.43704703455585,4.49088103958596,0.678033542749897,-1.83258146374831
"mar-12",4.65272148784631,4.58444693504798,2.84199817361195,3.45204891181959,4.48525988931553,0.774727167552368,-1.66073120682165
"abr-12",4.46049117461865,4.51377831955766,3.18055071054653,3.45347352622753,4.49647076906475,0.717839793150317,-1.71479842809193
"may-12",4.44218055749363,4.53742653390157,2.83790818836042,3.4511931679834,4.5152454784601,0.587786664902119,-1.66073120682165
"jun-12",4.47801840032761,4.54837758758246,2.94074796522123,3.45325205279552,4.51085950651685,0.482426149244293,-1.66073120682165
"jul-12",4.56923207918246,4.54529278493268,2.86048512414597,3.46520451163645,4.52178857704904,0.425267735404344,-1.66073120682165
"ago-12",4.5238516648105,4.56757215557277,2.75556971707019,3.4569158704185,4.50976000118343,0.518793793415168,-1.71479842809193
"sep-12",4.45713410716069,4.55804713141891,2.92316158071916,3.44591577535042,4.53152364581979,0.542324290825362,-1.71479842809193
"oct-12",4.48762462213305,4.55575932922886,2.76443053453832,3.43508337766129,4.5358201078533,0.559615787935423,-1.71479842809193
"nov-12",4.51983013882108,4.56115560056867,2.89148225218019,3.41713634546366,4.52504414150881,0.500775287912489,-1.71479842809193
"dic-12",4.57974980864118,4.57017493299083,2.65885995691144,3.40591954799748,4.52504414150881,0.542324290825362,-1.83258146374831
"ene-13",4.52233190767909,4.56208521620302,2.74148497718845,3.4066491603404,4.52720864451838,0.647103242058538,-1.89711998488588
"feb-13",4.57707930582157,4.55339256380645,2.54160199346455,3.41094967310483,4.50313746042294,0.683096844706444,-1.83258146374831
"mar-13",4.53753353727228,4.56347280843188,2.60417007061482,3.41693948861076,4.51743127168008,0.672944473242426,-1.89711998488588
"abr-13",4.52146243691461,4.52291837337136,2.79116510781272,3.42080391130107,4.51415078760092,0.56531380905006,-2.12026353620009
"may-13",4.57016457678928,4.50617823678114,2.82494395257371,3.42024809235296,4.53259949315326,0.657520002916794,-2.12026353620009
"jun-13",4.65424602363468,4.49899823009055,2.59897910604785,3.42080391130107,4.54116485601218,0.832909122935104,-1.96611285637283
"jul-13",4.67888522381037,4.47306634535475,2.83380140640777,3.42455577123939,4.5358201078533,0.947789398933526,-2.12026353620009
"ago-13",4.62820288509866,4.4986645705092,2.8094026953625,3.4095953531132,4.52612697864764,1.00795792039998,-2.04022082852655
"sep-13",4.56829871121219,4.50948493585368,2.62103882411258,3.39859399579204,4.5358201078533,1.03318448334565,-2.12026353620009
"oct-13",4.5295841990315,4.48717462775038,2.61739583283408,3.38973190355288,4.54116485601218,0.963174317773006,-2.12026353620009
"nov-13",4.58924403543783,4.48290085192735,2.61885462229774,3.39849373008784,4.53367418428302,1.00063188030791,-2.12026353620009
"dic-13",4.57974980864118,4.44719386438279,2.91289399524499,3.39343399104432,4.51961229762644,1.06471073699243,-2.04022082852655
"ene-14",4.63074046209962,4.45950837355674,2.63905732961526,3.41081762503915,4.54754107315146,1.05082162483176,-2.12026353620009
"feb-14",4.6208466653731,4.47508427942491,2.63044895507866,3.40269625778589,4.52070102936164,0.99694863489161,-2.12026353620009
"mar-14",4.60256680011798,4.47418412269129,2.59600069729359,3.39427346658933,4.53259949315326,1.00063188030791,-2.04022082852655
"abr-14",4.63190948317771,4.48471859289743,2.43361335540045,3.39534696798398,4.51415078760092,0.99694863489161,-2.20727491318972
"may-14",4.65747796561144,4.48293475310542,2.44841554120559,3.40804058014415,4.54542018158232,0.940007258491471,-2.30258509299405
"jun-14",4.58670066970443,4.46497665049002,2.83026783382646,3.40193044623798,4.53903038348355,0.955511445027436,-2.30258509299405
"jul-14",4.56393143797149,4.45840880459269,2.4832385926873,3.41450839572183,4.54009818924438,0.932164081030445,-2.20727491318972
"ago-14",4.51261620437748,4.4218361167764,2.79177841663292,3.42754715698494,4.53903038348355,0.883767540168595,-2.20727491318972
"sep-14",4.38875395542331,4.42526570570974,2.64119789411437,3.42959045616337,4.54648118963941,0.928219302739429,-2.20727491318972
"oct-14",4.19192489056096,4.39510326168545,2.59001713419062,3.40919861954764,4.5358201078533,0.832909122935104,-2.30258509299405
"nov-14",3.97537332092891,4.3534856892403,2.95491027903374,3.41121371693764,4.56330598188939,0.845868267577609,-2.04022082852655
"dic-14",3.87618855241893,4.32419887922775,3.04309284491383,3.41065254043291,4.5368913452348,0.792992515529661,-1.56064774826467
"ene-15",3.90721144843092,4.32684420846034,2.59076704048748,3.41536323713505,4.56226268497681,0.631271776841858,-1.6094379124341
"feb-15",3.86283276123737,4.30392994893746,2.72719901994097,3.43964856803641,4.54329478227,0.683096844706444,-1.51412773262978
"mar-15",4.08815880313501,4.32871815326548,2.6775909936175,3.44655308338295,4.54754107315146,0.712949807856125,-1.38629436111989
"abr-15",4.09933210373314,4.3107320090393,2.62756295018952,3.44265917146975,4.53044663979215,0.662687973075237,-1.46967597005894
"may-15",4.0854719837185,4.30221202598379,2.90306858869057,3.47658310856804,4.57471097850338,0.78845736036427,-1.42711635564015
"jun-15",3.85269753934333,4.26898390847667,2.49485698064117,3.46848212846775,4.5685062016165,0.858661619037519,-1.27296567581289
"jul-15",3.89589362349826,4.2237779862982,3.34744492566291,3.4707545383547,4.57264699428253,0.841567185678219,-1.20397280432594
"ago-15",3.80866049243299,4.21027402922916,3.19867311755068,3.4662670117364,4.56954300834494,0.774727167552368,-0.967584026261706
"sep-15",3.84138592582871,4.22494875811682,2.7127060126384,3.4667978387461,4.57057874121847,0.774727167552368,-0.994252273343867
"oct-15",3.72930136861285,4.20570703007556,2.78068089213712,3.46576715231146,4.55597994179732,0.727548607277278,-1.34707364796661
"nov-15",3.61199840977798,4.18415479653161,2.90197089373952,3.49483950436578,4.58190155904874,0.815364813284194,-0.7339691750802
"dic-15",3.51512112798047,4.1661224408628,3.00568260440716,3.49161683345068,4.55492896955134,0.806475865866949,-0.430782916092454
"ene-16",3.51898041731854,4.17190727416989,3.02286094094224,3.48418958145797,4.58190155904874,0.73716406597672,-0.616186139423817
"feb-16",3.6464937376175,4.22760716872687,2.63547950826737,3.47639761422509,4.56642935767166,0.576613364303994,-0.63487827243597
"mar-16",3.82690075201131,4.24197402505909,2.75366071235426,3.48768084155029,4.56538931597625,0.636576829071551,-0.415515443961666
"abr-16",3.89385903480047,4.20072955292611,2.65253749117195,3.48185528467961,4.55282370561588,0.593326845277734,-0.579818495252942
"may-16",3.87805248585699,4.22766551603926,2.74919214443339,3.49983535155915,4.58087749341905,0.593326845277734,-0.527632742082372
"jun-16",3.72810016726722,4.22573825492674,2.47401420862158,3.51363281099194,4.56538931597625,0.494696241836107,-0.59783700075562
"jul-16",3.79997350161952,4.21931651042897,2.59674613154354,3.51393065164939,4.59410923862867,0.405465108108164,-0.673344553263766
"ago-16",3.87618855241893,4.22687753992962,2.58701187272515,3.52193899935828,4.57161340245925,0.444685821261446,-0.562118918153541
"sep-16",3.84716443307965,4.22686294192224,2.83673654206353,3.52518336144315,4.57574137529728,0.488580014818671,-0.527632742082372
"oct-16",3.90075981314944,4.18208067652619,2.59001713419062,3.53046971736629,4.57574137529728,0.56531380905006,-0.415515443961666
"nov-16",3.98378537165504,4.18983654368132,2.64191039859766,3.50074101199842,4.58700621536042,0.76080582903376,-0.301105092783922
"dic-16",3.96670056671884,4.20092433428466,2.48407296903942,3.47289769582735,4.56746831880408,0.912282710476616,-0.139262067333508
"ene-17",3.9891692146048,4.21594253396959,2.55877649835446,3.47491241948444,4.58087749341905,0.887891257352457,-0.186329578191493
"feb-17",3.92395157629342,4.22185788252106,2.5152741864044,3.46370258701355,4.58190155904874,0.883767540168595,-0.198450938723838
"mar-17",3.89853241524565,4.2226351625203,2.38139627341834,3.46244925769392,4.57057874121847,0.908258560176891,0.00995033085316809
"abr-17",3.87784555362656,4.22840914600828,2.34276688262688,3.47475758477018,4.58394654953646,0.832909122935104,0.0392207131532813
"may-17",3.82951058385368,4.23017123534048,2.41412646772695,3.48615108754232,4.61015772749913,0.832909122935104,0.113328685307003
"jun-17",3.91541723849616,4.24553371820635,2.32825283974262,3.49195174493062,4.58496747867057,0.783901543828409,0.182321556793955
"jul-17",3.85502928390803,4.25654844209695,2.35991015961332,3.48768084155029,4.60116216459055,0.841567185678219,0.198850858745165
"ago-17",3.94487734229909,4.24214656032142,2.2523438765573,3.48951346271072,4.59612944133594,0.792992515529661,0.207014169384326
"sep-17",3.99599643920432,4.22297228481827,2.32042501112238,3.48277736865458,4.60015764416455,0.78845736036427,0.246860077931526
"oct-17",4.05004430332552,4.22931242263259,2.42303124606991,3.48031658611475,4.60517018598809,0.858661619037519,0.336472236621213
"nov-17",4.10132017595853,4.24435812453959,2.40152504084895,3.47754094824949,4.59309760475382,0.854415328156068,0.444685821261446
"dic-17",4.17022477255742,4.27215596353817,2.60564826748413,3.47692309219029,4.59208494643944,0.8754687373539,0.53062825106217
"ene-18",4.12131101045192,4.26235588089826,2.9882040071332,3.47227696334311,4.60116216459055,0.947789398933526,0.587786664902119
"feb-18",4.1734637666747,4.2585728632449,2.99423114742772,3.46479796307175,4.59309760475382,1.05082162483176,0.672944473242426
"mar-18",4.22785512129627,4.22961818627967,2.76820412392196,3.4626060097908,4.58598736657132,1.04380405217311,0.72270598280149
"abr-18",4.20528945617383,4.19305803515813,2.73631366637507,3.45946628978613,4.58700621536042,1.05431202977153,0.765467842139571
"may-18",4.30609006858394,4.16813700841226,2.77819796100429,3.47506723022861,4.61115225766564,1.09192330051731,0.819779831493311
"jun-18",4.23062218051465,4.17750548014401,2.55178617862755,3.47568623365289,4.61015772749913,1.0681530811834,0.845868267577609
"jul-18",4.24563400976833,4.10941378237903,2.55412171880947,3.4904285153901,4.61808641125464,1.06125650212434,0.871293365943419
"ago-18",4.29387824789718,4.13000123943014,2.49485698064117,3.49347265777133,4.59915211366253,1.06125650212434,0.896088024556636
"sep-18",4.17914516391457,4.11796342782073,3.05541527571516,3.50645789231965,4.61313835563727,1.09861228866811,0.940007258491471
